Mission,Date, Duration (hours) ,Duration (minutes),Spacewalker
STS-88,"Monday, December 7, 1998",7,21,Jerry Ross
STS-88,"Monday, December 7, 1998",7,21,James Newman
STS-88,"Wednesday, December 9, 1998",7,2,Jerry Ross
STS-88,"Wednesday, December 9, 1998",7,2,James Newman
STS-88,"Saturday, December 12, 1998",6,59,Jerry Ross
STS-88,"Saturday, December 12, 1998",6,59,James Newman
STS-96,"Sunday, May 30, 1999",7,55,Tamara Jernigan
STS-96,"Sunday, May 30, 1999",7,55,Daniel Barry
STS-101,"Monday, May 22, 2000",6,44,James Voss
STS-101,"Monday, May 22, 2000",6,44,Jeff Williams
STS-106,"Monday, September 11, 2000",6,14,Edward Lu
STS-106,"Monday, September 11, 2000",6,14,Yuri Malenchenko
STS-92,"Sunday, October 15, 2000",6,28,Leroy Chiao
STS-92,"Sunday, October 15, 2000",6,28,Bill McArthur
STS-92,"Monday, October 16, 2000",7,7,Michael Lopez-Alegria
STS-92,"Monday, October 16, 2000",7,7,Peter J.Wisoff
STS-92,"Tuesday, October 17, 2000",6,48,Leroy Chiao
STS-92,"Tuesday, October 17, 2000",6,48,Bill McArthur
STS-92,"Wednesday, October 18, 2000",6,56,Michael Lopez-Alegria
STS-92,"Wednesday, October 18, 2000",6,56,Peter J.Wisoff
STS-97,"Sunday, December 3, 2000",7,33,Joseph Tanner
STS-97,"Sunday, December 3, 2000",7,33,Carlos Noriega
STS-97,"Tuesday, December 5, 2000",6,37,Joseph Tanner
STS-97,"Tuesday, December 5, 2000",6,37,Carlos Noriega
STS-97,"Thursday, December 7, 2000",5,10,Joseph Tanner
STS-97,"Thursday, December 7, 2000",5,10,Carlos Noriega
STS-98,"Saturday, February 10, 2001",7,34,Thomas Jones
STS-98,"Saturday, February 10, 2001",7,34,Robert Curbeam
STS-98,"Monday, February 12, 2001",6,50,Thomas Jones
STS-98,"Monday, February 12, 2001",6,50,Robert Curbeam
STS-98,"Wednesday, February 14, 2001",5,25,Thomas Jones
STS-98,"Wednesday, February 14, 2001",5,25,Robert Curbeam
STS-102,"Sunday, March 11, 2001",8,56,James Voss
STS-102,"Sunday, March 11, 2001",8,56,Susan Helms
STS-102,"Tuesday, March 13, 2001",6,21,Andrew Thomas
STS-102,"Tuesday, March 13, 2001",6,21,Paul Richards
STS-100,"Sunday, April 22, 2001",7,10,Chris Hadfield
STS-100,"Sunday, April 22, 2001",7,10,Scott Parazynski
STS-100,"Tuesday, April 24, 2001",7,40,Chris Hadfield
STS-100,"Tuesday, April 24, 2001",7,40,Scott Parazynski
Expedition 2,"Friday, June 8, 2001", -   ,19,Yury Usachev
Expedition 2,"Friday, June 8, 2001", -   ,19,James Voss
STS-104,"Sunday, July 15, 2001",5,59,Michael Gernhardt
STS-104,"Sunday, July 15, 2001",5,59,James Reilly
STS-104,"Wednesday, July 18, 2001",6,29,Michael Gernhardt
STS-104,"Wednesday, July 18, 2001",6,29,James Reilly
STS-104,"Saturday, July 21, 2001",4,2,Michael Gernhardt
STS-104,"Saturday, July 21, 2001",4,2,James Reilly
STS-105,"Thursday, August 16, 2001",5,16,Daniel Barry
STS-105,"Thursday, August 16, 2001",5,16,Patrick Forrester
STS-105,"Saturday, August 18, 2001",5,29,Daniel Barry
STS-105,"Saturday, August 18, 2001",5,29,Patrick Forrester
Expedition 3,"Monday, October 8, 2001",4,58,Vladimir Dezhurov
Expedition 3,"Monday, October 8, 2001",4,58,Mikhail Tyurin
Expedition 3,"Monday, October 15, 2001",5,52,Vladimir Dezhurov
Expedition 3,"Monday, October 15, 2001",5,52,Mikhail Tyurin
Expedition 3,"Monday, November 12, 2001",5,4,Vladimir Dezhurov
Expedition 3,"Monday, November 12, 2001",5,4,Frank Culbertson
Expedition 3,"Monday, December 3, 2001",2,46,Vladimir Dezhurov
Expedition 3,"Monday, December 3, 2001",2,46,Mikhail Tyurin
STS-108,"Monday, December 10, 2001",4,12,Linda Godwin
STS-108,"Monday, December 10, 2001",4,12,Dan Tani
Expedition 4,"Monday, January 14, 2002",6,3,Yury Onufrienko
Expedition 4,"Monday, January 14, 2002",6,3,Carl Walz
Expedition 4,"Friday, January 25, 2002",5,59,Yury Onufrienko
Expedition 4,"Friday, January 25, 2002",5,59,Dan Bursch
Expedition 4,"Wednesday, February 20, 2002",5,47,Carl Walz
Expedition 4,"Wednesday, February 20, 2002",5,47,Dan Bursch
STS-110,"Thursday, April 11, 2002",7,48,Steven Smith
STS-110,"Thursday, April 11, 2002",7,48,Rex Walheim
STS-110,"Saturday, April 13, 2002",7,30,Jerry Ross
STS-110,"Saturday, April 13, 2002",7,30,Lee Morin
STS-110,"Sunday, April 14, 2002",6,27,Steven Smith
STS-110,"Sunday, April 14, 2002",6,27,Rex Walheim
STS-110,"Tuesday, April 16, 2002",6,37,Jerry Ross
STS-110,"Tuesday, April 16, 2002",6,37,Lee Morin
STS-111,"Sunday, June 9, 2002",7,14,Franklin Chang-Diaz
STS-111,"Sunday, June 9, 2002",7,14,Philippe Perrin
STS-111,"Tuesday, June 11, 2002",5,0,Franklin Chang-Diaz
STS-111,"Tuesday, June 11, 2002",5,0,Philippe Perrin
STS-111,"Thursday, June 13, 2002",7,17,Franklin Chang-Diaz
STS-111,"Thursday, June 13, 2002",7,17,Philippe Perrin
Expedition 5,"Friday, August 16, 2002",4,25,Valery Korzun
Expedition 5,"Friday, August 16, 2002",4,25,Peggy Whitson
Expedition 5,"Monday, August 26, 2002",5,21,Valery Korzun
Expedition 5,"Monday, August 26, 2002",5,21,Sergei Treschev
STS-112,"Thursday, October 10, 2002",7,1,David Wolf
STS-112,"Thursday, October 10, 2002",7,1,Piers Sellers
STS-112,"Saturday, October 12, 2002",6,4,David Wolf
STS-112,"Saturday, October 12, 2002",6,4,Piers Sellers
STS-112,"Monday, October 14, 2002",6,36,David Wolf
STS-112,"Monday, October 14, 2002",6,36,Piers Sellers
STS-113,"Tuesday, November 26, 2002",6,45,Michael Lopez-Alegria
STS-113,"Tuesday, November 26, 2002",6,45,John Herrington
STS-113,"Thursday, November 28, 2002",6,10,Michael Lopez-Alegria
STS-113,"Thursday, November 28, 2002",6,10,John Herrington
STS-113,"Saturday, November 30, 2002",7,0,Michael Lopez-Alegria
STS-113,"Saturday, November 30, 2002",7,0,John Herrington
Expedition 6,"Wednesday, January 15, 2003",6,51,Ken Bowersox
Expedition 6,"Wednesday, January 15, 2003",6,51,Don Pettit
Expedition 6,"Tuesday, April 8, 2003",6,26,Ken Bowersox
Expedition 6,"Tuesday, April 8, 2003",6,26,Don Pettit
Expedition 8,"Thursday, February 26, 2004",3,55,Michael Foale
Expedition 8,"Thursday, February 26, 2004",3,55,Alexander Kaleri
Expedition 9,"Thursday, June 24, 2004", -   ,14,Gennady Padalka
Expedition 9,"Thursday, June 24, 2004", -   ,14,Mike Fincke
Expedition 9,"Wednesday, June 30, 2004",5,40,Gennady Padalka
Expedition 9,"Wednesday, June 30, 2004",5,40,Mike Fincke
Expedition 9,"Tuesday, August 3, 2004",4,30,Gennady Padalka
Expedition 9,"Tuesday, August 3, 2004",4,30,Mike Fincke
Expedition 9,"Friday, September 3, 2004",5,21,Gennady Padalka
Expedition 9,"Friday, September 3, 2004",5,21,Mike Fincke
Expedition 10,"Wednesday, January 26, 2005",5,28,Leroy Chiao
Expedition 10,"Wednesday, January 26, 2005",5,28,Salizhan Sharipov
Expedition 10,"Monday, March 28, 2005",4,30,Leroy Chiao
Expedition 10,"Monday, March 28, 2005",4,30,Salizhan Sharipov
STS-114,"Saturday, July 30, 2005",6,50,Soichi Noguchi
STS-114,"Saturday, July 30, 2005",6,50,Stephen Robinson
STS-114,"Monday, August 1, 2005",7,14,Soichi Noguchi
STS-114,"Monday, August 1, 2005",7,14,Stephen Robinson
STS-114,"Wednesday, August 3, 2005",6,1,Soichi Noguchi
STS-114,"Wednesday, August 3, 2005",6,1,Stephen Robinson
Expedition 11,"Thursday, August 18, 2005",4,58,Sergei Krikalev
Expedition 11,"Thursday, August 18, 2005",4,58,John Phillips
Expedition 12,"Monday, November 7, 2005",5,22,Bill McArthur
Expedition 12,"Monday, November 7, 2005",5,22,Valery Tokarev
Expedition 12,"Friday, February 3, 2006",5,43,Bill McArthur
Expedition 12,"Friday, February 3, 2006",5,43,Valery Tokarev
STS-121,"Saturday, July 8, 2006",7,31,Piers Sellers
STS-121,"Saturday, July 8, 2006",7,31,Mike Fossum
STS-121,"Monday, July 10, 2006",6,47,Piers Sellers
STS-121,"Monday, July 10, 2006",6,47,Mike Fossum
STS-121,"Wednesday, July 12, 2006",7,11,Piers Sellers
STS-121,"Wednesday, July 12, 2006",7,11,Mike Fossum
Expedition 13,"Thursday, June 1, 2006",6,31,Pavel Vinogradov
Expedition 13,"Thursday, June 1, 2006",6,31,Jeff Williams
Expedition 13,"Thursday, August 3, 2006",5,54,Jeff Williams
Expedition 13,"Thursday, August 3, 2006",5,54,Thomas Reiter
STS-115,"Tuesday, September 12, 2006",6,26,Joe Tanner
STS-115,"Tuesday, September 12, 2006",6,26,Heidemarie Stefanyshyn-Piper
STS-115,"Wednesday, September 13, 2006",7,11,Dan Burbank
STS-115,"Wednesday, September 13, 2006",7,11,Steve MacLean
STS-115,"Friday, September 15, 2006",6,42,Joe Tanner
STS-115,"Friday, September 15, 2006",6,42,Heidemarie Stefanyshyn-Piper
STS-116,"Tuesday, December 12, 2006",6,36,Bob Curbeam
STS-116,"Tuesday, December 12, 2006",6,36,Christer Fuglesang
STS-116,"Thursday, December 14, 2006",5,0,Bob Curbeam
STS-116,"Thursday, December 14, 2006",5,0,Christer Fuglesang
STS-116,"Saturday, December 16, 2006",7,31,Bob Curbeam
STS-116,"Saturday, December 16, 2006",7,31,Sunita Williams
STS-116,"Monday, December 18, 2006",6,38,Bob Curbeam
STS-116,"Monday, December 18, 2006",6,38,Christer Fuglesang
Expedition 14,"Wednesday, November 22, 2006",5,38,Mikhail Tyurin
Expedition 14,"Wednesday, November 22, 2006",5,38,Michael Lopez-Alegria
Expedition 14,"Wednesday, January 31, 2007",7,55,Michael Lopez-Alegria
Expedition 14,"Wednesday, January 31, 2007",7,55,Sunita Williams
Expedition 14,"Sunday, February 4, 2007",7,11,Michael Lopez-Alegria
Expedition 14,"Sunday, February 4, 2007",7,11,Sunita Williams
Expedition 14,"Thursday, February 8, 2007",6,40,Michael Lopez-Alegria
Expedition 14,"Thursday, February 8, 2007",6,40,Sunita Williams
Expedition 14,"Thursday, February 22, 2007",6,18,Mikhail Tyurin
Expedition 14,"Thursday, February 22, 2007",6,18,Michael Lopez-Alegria
STS-117,"Monday, June 11, 2007",6,15,James Reilly
STS-117,"Monday, June 11, 2007",6,15,John Olivas
STS-117,"Wednesday, June 13, 2007",7,16,Patrick Forrester
STS-117,"Wednesday, June 13, 2007",7,16,Steve Swanson
STS-117,"Friday, June 15, 2007",7,58,James Reilly
STS-117,"Friday, June 15, 2007",7,58,John Olivas
STS-117,"Sunday, June 17, 2007",6,29,Patrick Forrester
STS-117,"Sunday, June 17, 2007",6,29,Steve Swanson
Expedition 15,"Wednesday, May 30, 2007",5,25,Fyodor Yurchikhin
Expedition 15,"Wednesday, May 30, 2007",5,25,Oleg Kotov
Expedition 15,"Wednesday, June 6, 2007",5,37,Fyodor Yurchikhin
Expedition 15,"Wednesday, June 6, 2007",5,37,Oleg Kotov
Expedition 15,"Monday, July 23, 2007",5,37,Clayton Anderson
Expedition 15,"Monday, July 23, 2007",5,37,Fyodor Yurchikhin
STS-118,"Saturday, August 11, 2007",6,17,Richard Mastracchio
STS-118,"Saturday, August 11, 2007",6,17,David Williams
STS-118,"Monday, August 13, 2007",6,28,Richard Mastracchio
STS-118,"Monday, August 13, 2007",6,28,David Williams
STS-118,"Wednesday, August 15, 2007",5,28,Richard Mastracchio
STS-118,"Wednesday, August 15, 2007",5,28,Clayton Anderson
STS-118,"Saturday, August 18, 2007",5,2,David Williams
STS-118,"Saturday, August 18, 2007",5,2,Clayton Anderson
STS-120,"Friday, October 26, 2007",6,14,Scott Parazynski
STS-120,"Friday, October 26, 2007",6,14,Doug Wheelock
STS-120,"Sunday, October 28, 2007",5,33,Scott Parazynski
STS-120,"Sunday, October 28, 2007",5,33,Salizhan Sharipov
STS-120,"Tuesday, October 30, 2007",7,8,Scott Parazynski
STS-120,"Tuesday, October 30, 2007",7,8,Dan Tani
STS-120,"Saturday, November 3, 2007",7,19,Scott Parazynski
STS-120,"Saturday, November 3, 2007",7,19,Doug Wheelock
Expedition 16,"Friday, November 9, 2007",6,55,Peggy Whitson
Expedition 16,"Friday, November 9, 2007",6,55,Yuri Malenchenko
Expedition 16,"Tuesday, November 20, 2007",7,16,Peggy Whitson
Expedition 16,"Tuesday, November 20, 2007",7,16,Dan Tani
Expedition 16,"Saturday, November 24, 2007",7,4,Peggy Whitson
Expedition 16,"Saturday, November 24, 2007",7,4,Dan Tani
Expedition 16,"Tuesday, December 18, 2007",6,56,Peggy Whitson
Expedition 16,"Tuesday, December 18, 2007",6,56,Dan Tani
Expedition 16,"Wednesday, January 30, 2008",7,10,Peggy Whitson
Expedition 16,"Wednesday, January 30, 2008",7,10,Dan Tani
STS-122,"Monday, February 11, 2008",7,58,Rex Walheim
STS-122,"Monday, February 11, 2008",7,58,Stanley Love
STS-122,"Wednesday, February 13, 2008",6,45,Rex Walheim
STS-122,"Wednesday, February 13, 2008",6,45,Hans Schlegel
STS-122,"Friday, February 15, 2008",7,25,Rex Walheim
STS-122,"Friday, February 15, 2008",7,25,Stanley Love
 STS-123,"Friday, March 14, 2008",7,1, Richard Linnehan
 STS-123,"Friday, March 14, 2008",7,1, Garret Reisman
 STS-123,"Sunday, March 16, 2008",7,8, Richard Linnehan
 STS-123,"Sunday, March 16, 2008",7,8,Michael Foreman
 STS-123,"Tuesday, March 18, 2008",6,53, Richard Linnehan
 STS-123,"Tuesday, March 18, 2008",6,53,Robert Behnken
 STS-123,"Friday, March 21, 2008",6,24,Michael Foreman
 STS-123,"Friday, March 21, 2008",6,24,Robert Behnken
 STS-123,"Sunday, March 23, 2008",6,2,Michael Foreman
 STS-123,"Sunday, March 23, 2008",6,2,Robert Behnken
STS-124,"Tuesday, June 3, 2008",6,48,Mike Fossum
STS-124,"Tuesday, June 3, 2008",6,48,Ron Garan
STS-124,"Thursday, June 5, 2008",7,11,Mike Fossum
STS-124,"Thursday, June 5, 2008",7,11,Ron Garan
STS-124,"Sunday, June 8, 2008",6,33,Mike Fossum
STS-124,"Sunday, June 8, 2008",6,33,Ron Garan
Expedition 17,"Thursday, July 10, 2008",6,18,Sergei Volkov
Expedition 17,"Thursday, July 10, 2008",6,18,Oleg Kononenko
Expedition 17,"Tuesday, July 15, 2008",5,54,Sergei Volkov
Expedition 17,"Tuesday, July 15, 2008",5,54,Oleg Kononenko
STS-126,"Tuesday, November 18, 2008",6,52,Heidemarie Stefanyshyn-Piper
STS-126,"Tuesday, November 18, 2008",6,52,Stephen Bowen
STS-126,"Thursday, November 20, 2008",6,45,Heidemarie Stefanyshyn-Piper
STS-126,"Thursday, November 20, 2008",6,45,Robert Kimbrough
STS-126,"Saturday, November 22, 2008",6,57,Heidemarie Stefanyshyn-Piper
STS-126,"Saturday, November 22, 2008",6,57,Stephen Bowen
STS-126,"Monday, November 24, 2008",6,7,Stephen Bowen
STS-126,"Monday, November 24, 2008",6,7,Robert Kimbrough
Expedition 18,"Tuesday, December 23, 2008",5,38,Yury Lonchakov
Expedition 18,"Tuesday, December 23, 2008",5,38,Mike Fincke
Expedition 18,"Thursday, December 10, 2009",4,49,Yury Lonchakov
Expedition 18,"Thursday, December 10, 2009",4,49,Mike Fincke
STS-119,"Thursday, March 19, 2009",6,7,Steve Swanson
STS-119,"Thursday, March 19, 2009",6,7,Richard Arnold
STS-119,"Saturday, March 21, 2009",6,30,Steve Swanson
STS-119,"Saturday, March 21, 2009",6,30,Joseph Acaba
STS-119,"Monday, March 23, 2009",6,27,Joseph Acaba
STS-119,"Monday, March 23, 2009",6,27,Richard Arnold
Expedition 20,"Friday, June 5, 2009",4,54,Gennady Padalka
Expedition 20,"Friday, June 5, 2009",4,54,Michael Barratt
Expedition 20,"Wednesday, June 10, 2009", -   ,12,Gennady Padalka
Expedition 20,"Wednesday, June 10, 2009", -   ,12,Michael Barratt
STS-127,"Saturday, July 18, 2009",5,32,David Wolf
STS-127,"Saturday, July 18, 2009",5,32,Tim Kopra
STS-127,"Monday, July 20, 2009",6,53,David Wolf
STS-127,"Monday, July 20, 2009",6,53,Thomas Marshburn
STS-127,"Wednesday, July 22, 2009",5,59,David Wolf
STS-127,"Wednesday, July 22, 2009",5,59,Chris Cassidy
STS-127,"Friday, July 24, 2009",7,12,Chris Cassidy
STS-127,"Friday, July 24, 2009",7,12,Thomas Marshburn
STS-127,"Monday, July 27, 2009",4,54,Chris Cassidy
STS-127,"Monday, July 27, 2009",4,54,Thomas Marshburn
STS-128,"Tuesday, September 1, 2009",6,35,John Olivas
STS-128,"Tuesday, September 1, 2009",6,35,Nicole Stott
STS-128,"Thursday, September 3, 2009",6,39,John Olivas
STS-128,"Thursday, September 3, 2009",6,39,Christer Fuglesang
STS-128,"Saturday, September 5, 2009",7,1,John Olivas
STS-128,"Saturday, September 5, 2009",7,1,Christer Fuglesang
STS-129,"Thursday, November 19, 2009",6,37,Michael Foreman
STS-129,"Thursday, November 19, 2009",6,37,Robert Satcher
STS-129,"Saturday, November 21, 2009",6,8,Michael Foreman
STS-129,"Saturday, November 21, 2009",6,8,Randolph Bresnik
STS-129,"Monday, November 23, 2009",5,42,Robert Satcher
STS-129,"Monday, November 23, 2009",5,42,Randolph Bresnik
Expedition 22,"Thursday, January 14, 2010",5,44,Oleg Kotov
Expedition 22,"Thursday, January 14, 2010",5,44,Max Suraev
STS-130,"Friday, February 12, 2010",6,32,Robert Behnken
STS-130,"Friday, February 12, 2010",6,32,Nicholas Patrick
STS-130,"Sunday, February 14, 2010",5,54,Robert Behnken
STS-130,"Sunday, February 14, 2010",5,54,Nicholas Patrick
STS-130,"Wednesday, February 17, 2010",5,48,Robert Behnken
STS-130,"Wednesday, February 17, 2010",5,48,Nicholas Patrick
STS-131,"Friday, April 9, 2010",6,27,Richard Mastracchio
STS-131,"Friday, April 9, 2010",6,27,Clayton Anderson
STS-131,"Sunday, April 11, 2010",7,26,Richard Mastracchio
STS-131,"Sunday, April 11, 2010",7,26,Clayton Anderson
STS-131,"Tuesday, April 13, 2010",6,24,Richard Mastracchio
STS-131,"Tuesday, April 13, 2010",6,24,Clayton Anderson
STS-132,"Monday, May 17, 2010",7,25,Garret Reisman
STS-132,"Monday, May 17, 2010",7,25,Stephen Bowen
STS-132,"Wednesday, May 19, 2010",7,9,Stephen Bowen
STS-132,"Wednesday, May 19, 2010",7,9,Michael Good
STS-132,"Friday, May 21, 2010",5,21,Michael Good
STS-132,"Friday, May 21, 2010",5,21,Stephen Bowen
Expedition 24,"Tuesday, July 27, 2010",6,42,n/a
Expedition 24,"Tuesday, July 27, 2010",6,42,n/a
Expedition 24,"Saturday, August 7, 2010",8,3,Doug Wheelock
Expedition 24,"Saturday, August 7, 2010",8,3,Tracy Caldwell-Dyson
Expedition 24,"Wednesday, August 11, 2010",7,26,Doug Wheelock
Expedition 24,"Wednesday, August 11, 2010",7,26,Tracy Caldwell-Dyson
Expedition 24,"Monday, August 16, 2010",7,20,Doug Wheelock
Expedition 24,"Monday, August 16, 2010",7,20,Tracy Caldwell-Dyson
Expedition 25,"Monday, November 15, 2010",6,27,Fyodor Yurchikhin
Expedition 25,"Monday, November 15, 2010",6,27,Oleg Skripochka
Expedition 26,"Friday, January 21, 2011",5,23,Dmitry Kondratyev
Expedition 26,"Friday, January 21, 2011",5,23,Oleg Skripochka
Expedition 26,"Wednesday, February 16, 2011",4,51,Dmitry Kondratyev
Expedition 26,"Wednesday, February 16, 2011",4,51,Oleg Skripochka
STS-133,"Monday, February 28, 2011",6,34,Stephen Bowen
STS-133,"Monday, February 28, 2011",6,34,Alvin Drew
STS-133,"Wednesday, March 2, 2011",6,14,Stephen Bowen
STS-133,"Wednesday, March 2, 2011",6,14,Alvin Drew
STS-134,"Friday, May 20, 2011",6,19,Andrew Feustel
STS-134,"Friday, May 20, 2011",6,19,Greg Chamitoff
STS-134,"Sunday, May 22, 2011",8,7,Andrew Feustel
STS-134,"Sunday, May 22, 2011",8,7,Mike Fincke
STS-134,"Wednesday, May 25, 2011",6,54,Andrew Feustel
STS-134,"Wednesday, May 25, 2011",6,54,Mike Fincke
STS-134,"Friday, May 27, 2011",7,24,Andrew Feustel
STS-134,"Friday, May 27, 2011",7,24,Greg Chamitoff
Expedition 28,"Tuesday, July 12, 2011",6,31,Ron Garan
Expedition 28,"Tuesday, July 12, 2011",6,31,Mike Fossum
Expedition 28,"Wednesday, August 3, 2011",6,23,Sergei Volkov
Expedition 28,"Wednesday, August 3, 2011",6,23,Alexander Samokutyaev
Expedition 30,"Thursday, February 16, 2012",6,15,Oleg Kononenko
Expedition 30,"Thursday, February 16, 2012",6,15,Anton Shkaplerov
Expedition 32,"Monday, August 20, 2012",5,51,Gennady Padalka
Expedition 32,"Monday, August 20, 2012",5,51,Yuri Malenchenko
Expedition 32,"Thursday, August 30, 2012",8,17,Sunita Williams
Expedition 32,"Thursday, August 30, 2012",8,17,Aki Hoshide
Expedition 32,"Wednesday, September 5, 2012",6,28,Sunita Williams
Expedition 32,"Wednesday, September 5, 2012",6,28,Aki Hoshide
Expedition 33,"Thursday, November 1, 2012",6,38,Sunita Williams
Expedition 33,"Thursday, November 1, 2012",6,38,Aki Hoshide
Expedition 35,"Friday, April 19, 2013",6,38,Pavel Vinogradov
Expedition 35,"Friday, April 19, 2013",6,38,Roman Romanenko
Expedition 35,"Saturday, May 11, 2013",5,30,Chris Cassidy
Expedition 35,"Saturday, May 11, 2013",5,30,Thomas Marshburn
Expedition 36,"Monday, June 24, 2013",6,34,Fyodor Yurchikhin
Expedition 36,"Monday, June 24, 2013",6,34,Alexander Misurkin
Expedition 36,"Tuesday, July 9, 2013",6,7,Chris Cassidy
Expedition 36,"Tuesday, July 9, 2013",6,7,Luca Parmitano
Expedition 36,"Tuesday, July 16, 2013",1,32,Chris Cassidy
Expedition 36,"Tuesday, July 16, 2013",1,32,Luca Parmitano
Expedition 36,"Friday, August 16, 2013",7,29,Fyodor Yurchikhin
Expedition 36,"Friday, August 16, 2013",7,29,Alexander Misurkin
Expedition 36,"Thursday, August 22, 2013",5,58,Fyodor Yurchikhin
Expedition 36,"Thursday, August 22, 2013",5,58,Alexander Misurkin
Expedition 37,"Saturday, November 9, 2013",5,50,Oleg Kotov
Expedition 37,"Saturday, November 9, 2013",5,50,Sergei Ryazanskiy
Expedition 38,"Saturday, December 21, 2013",5,28,Richard Mastracchio
Expedition 38,"Saturday, December 21, 2013",5,28,Mike Hopkins
Expedition 38,"Tuesday, December 24, 2013",7,30,Richard Mastracchio
Expedition 38,"Tuesday, December 24, 2013",7,30,Mike Hopkins
Expedition 38,"Friday, December 27, 2013",8,7,Oleg Kotov
Expedition 38,"Friday, December 27, 2013",8,7,Sergei Ryazanskiy
Expedition 38,"Monday, January 27, 2014",6,8,Oleg Kotov
Expedition 38,"Monday, January 27, 2014",6,8,Sergei Ryazanskiy
Expedition 39,"Wednesday, April 23, 2014",1,36,Richard Mastracchio
Expedition 39,"Wednesday, April 23, 2014",1,36,Steve Swanson
 Expedition 40,"Thursday, June 19, 2014",7,23,Alexander Skvortsov
 Expedition 40,"Thursday, June 19, 2014",7,23,Oleg Artemyev
 Expedition 40,"Monday, August 18, 2014",5,11,Alexander Skvortsov
 Expedition 40,"Monday, August 18, 2014",5,11,Oleg Artemyev
Expedition 41,"Tuesday, October 7, 2014",6,13,Reid Wiseman
Expedition 41,"Tuesday, October 7, 2014",6,13,Alexander Gerst
Expedition 41,"Wednesday, October 15, 2014",6,34,Reid Wiseman
Expedition 41,"Wednesday, October 15, 2014",6,34,Barry Wilmore
Expedition 41,"Wednesday, October 22, 2014",3,38,Max Suraev
Expedition 41,"Wednesday, October 22, 2014",3,38,Alexander Samokutyaev
Expedition 42,"Saturday, February 21, 2015",6,41,Barry Wilmore
Expedition 42,"Saturday, February 21, 2015",6,41,Terry Virts
Expedition 42,"Wednesday, February 25, 2015",6,43,Barry Wilmore
Expedition 42,"Wednesday, February 25, 2015",6,43,Terry Virts
Expedition 42,"Sunday, March 1, 2015",5,38,Barry Wilmore
Expedition 42,"Sunday, March 1, 2015",5,38,Terry Virts
Expedition 44,"Monday, August 10, 2015",5,31,Gennady Padalka
Expedition 44,"Monday, August 10, 2015",5,31,Mikhail Kornienko
Expedition 45,"Wednesday, October 28, 2015",7,16,Scott Kelly
Expedition 45,"Wednesday, October 28, 2015",7,16,Kjell Lindgren
Expedition 45,"Friday, November 6, 2015",7,48,Scott Kelly
Expedition 45,"Friday, November 6, 2015",7,48,Kjell Lindgren
Expedition 46,"Monday, December 21, 2015",3,16,Scott Kelly
Expedition 46,"Monday, December 21, 2015",3,16,Tim Kopra
Expedition 46,"Thursday, January 15, 2015",4,43,Tim Kopra
Expedition 46,"Thursday, January 15, 2015",4,43,Tim Peake
Expedition 46,"Wednesday, February 3, 2016",4,45,Yuri Malenchenko
Expedition 46,"Wednesday, February 3, 2016",4,45,Sergey Volkov
Expedition 48,"Friday, August 19, 2016",5,58,Jeff Williams
Expedition 48,"Friday, August 19, 2016",5,58,Kate Rubins
Expedition 48,"Thursday, September 1, 2016",6,48,Jeff Williams
Expedition 48,"Thursday, September 1, 2016",6,48,Kate Rubins
Expedition 50,"Friday, January 6, 2017",6,32,Shane Kimbrough
Expedition 50,"Friday, January 6, 2017",6,32,Peggy Whitson
Expedition 50,"Friday, January 13, 2017",5,58,Shane Kimbrough
Expedition 50,"Friday, January 13, 2017",5,58,Thomas Pesquet
Expedition 50,"Friday, March 24, 2017",6,34,Shane Kimbrough
Expedition 50,"Friday, March 24, 2017",6,34,Thomas Pesquet
Expedition 50,"Thursday, March 30, 2017",7,4,Shane Kimbrough
Expedition 50,"Thursday, March 30, 2017",7,4,Peggy Whitson
Expedition 51,"Friday, May 12, 2017",4,13,Peggy Whitson
Expedition 51,"Friday, May 12, 2017",4,13,Jack Fischer
Expedition 51,"Tuesday, May 23, 2017",2,46,Peggy Whitson
Expedition 51,"Tuesday, May 23, 2017",2,46,Jack Fischer
Expedition 52,"Thursday, August 17, 2017",7,34,Fyodor Yurchikhin
Expedition 52,"Thursday, August 17, 2017",7,34,Sergey Ryazanskiy
Expedition 53,"Thursday, October 5, 2017",6,55,Randy Bresnik
Expedition 53,"Thursday, October 5, 2017",6,55,Mark Vande Hei
Expedition 53,"Tuesday, October 10, 2017",6,26,Randy Bresnik
Expedition 53,"Tuesday, October 10, 2017",6,26,Mark Vande Hei
Expedition 53,"Friday, October 20, 2017",6,49,Randy Bresnik
Expedition 53,"Friday, October 20, 2017",6,49,Joe Acaba
Expedition 54,"Tuesday, January 23, 2018",7,24,Mark Vande Hei
Expedition 54,"Tuesday, January 23, 2018",7,24,Scott Tingle
Expedition 54,"Friday, February 2, 2018",8,13,Alexander Misurkin
Expedition 54,"Friday, February 2, 2018",8,13,Anton Shkaplerov
Expedition 54,"Friday, February 16, 2018",5,57,Mark Vande Hei
Expedition 54,"Friday, February 16, 2018",5,57,Norishige Kanai
Expedition 55,"Thursday, March 29, 2018",6,10,Drew Feustel
Expedition 55,"Thursday, March 29, 2018",6,10,Ricky Arnold
Expedition 55,"Wednesday, May 16, 2018",6,31,Drew Feustel
Expedition 55,"Wednesday, May 16, 2018",6,31,Ricky Arnold
Expedition 56,"Thursday, June 14, 2018",6,49,Drew Feustel
Expedition 56,"Thursday, June 14, 2018",6,49,Ricky Arnold
Expedition 56,"Wednesday, August 15, 2018",7,46,Oleg Artemyev
Expedition 56,"Wednesday, August 15, 2018",7,46,Sergey Prokopyev
Expedition 57,"Tuesday, December 11, 2018",7,45,Oleg Kononenko
Expedition 57,"Tuesday, December 11, 2018",7,45,Sergey Prokopyev
Expedition 59,"Friday, March 22, 2019",6,39,Anne McClain
Expedition 59,"Friday, March 22, 2019",6,39,Nick Hague
Expedition 59,"Friday, March 29, 2019",6,45,Nick Hague
Expedition 59,"Friday, March 29, 2019",6,45,Christina Koch
Expedition 59,"Monday, April 8, 2019",6,29,Anne McClain
Expedition 59,"Monday, April 8, 2019",6,29,David Saint-Jacques
